{
    "align": 171.01605224609375,
    "angle": 17.988330841064453,
    "angular_vel": 61.46376037597656,
    "ball_velocity": -0.5,
    "catch_radius": 100.0,
    "catch_velocity": 1700.0,
    "relative_vel": 810.5946044921875,
    "y_prime_vel": 808.8447265625
}
