{
    "align": 0.0,
    "angle": 1.0,
    "angular_vel": 5.14187479019165,
    "ball_velocity": 1011.3846435546875,
    "catch_radius": 100.0,
    "catch_velocity": 849.0432739257813,
    "distance": 145.99998474121094,
    "relative_vel": 50.0,
    "y_prime_vel": 10.0
}
