{
    "ball_vx": 778.2102661132813,
    "ball_vy": 565.4028930664063,
    "ball_x": 222.68600463867188,
    "ball_y": 161.7908477783203,
    "robot_a": -0.09357675909996033,
    "robot_va": -0.34539324045181274,
    "robot_vx": 1069.8482666015625,
    "robot_vy": 701.29638671875,
    "robot_x": -120.74565887451172,
    "robot_y": 91.04181671142578
}
