{
  "(4000.0, 1800.0, 288)": 1,
  "(444.44444444444446, 2100.0, 288)": 1,
  "(3111.1111111111113, -2100.0, 108)": 1,
  "(444.44444444444446, -3000.0, 72)": 1,
  "(2222.222222222222, -1800.0, 72)": 1,
  "(3555.5555555555557, 1200.0, 324)": 1,
  "(0.0, -2400.0, 144)": 0,
  "(4000.0, -3000.0, 108)": 1,
  "(1777.7777777777778, -3000.0, 144)": 1,
  "(2222.222222222222, 300.0, 180)": 0,
  "(0.0, -2400.0, 72)": 0,
  "(888.8888888888889, -1200.0, 108)": 1,
  "(4000.0, -2100.0, 144)": 0,
  "(3111.1111111111113, 1200.0, 324)": 1,
  "(1333.3333333333333, -300.0, 324)": 0,
  "(1777.7777777777778, -600.0, 72)": 1,
  "(2666.6666666666665, -1500.0, 36)": 1,
  "(0.0, 2700.0, 252)": 1,
  "(1333.3333333333333, -300.0, 108)": 0,
  "(2666.6666666666665, -300.0, 144)": 1
}