{
  "(888.8888888888889, -600.0, 36)": 1,
  "(1777.7777777777778, 2400.0, 324)": 1,
  "(4000.0, 0.0, 0)": 1,
  "(2666.6666666666665, 300.0, 252)": 1,
  "(888.8888888888889, 1500.0, 288)": 1,
  "(1777.7777777777778, -2100.0, 72)": 1,
  "(2666.6666666666665, -300.0, 144)": 1,
  "(3555.5555555555557, 2700.0, 288)": 1,
  "(2666.6666666666665, -2400.0, 108)": 1,
  "(888.8888888888889, -1800.0, 0)": 1,
  "(2666.6666666666665, -2100.0, 108)": 1,
  "(1333.3333333333333, -1800.0, 72)": 1,
  "(1777.7777777777778, 300.0, 324)": 1,
  "(2222.222222222222, 1500.0, 288)": 1,
  "(3111.1111111111113, 900.0, 252)": 1,
  "(3555.5555555555557, -2100.0, 144)": 1,
  "(2222.222222222222, -2400.0, 108)": 1,
  "(1777.7777777777778, 2400.0, 216)": 1,
  "(3555.5555555555557, 0.0, 324)": 1,
  "(444.44444444444446, -900.0, 144)": 1
}