{
  "(444.44444444444446, 300.0, 36)": 1,
  "(0.0, -1200.0, 36)": 1,
  "(888.8888888888889, -2100.0, 72)": 1,
  "(1777.7777777777778, 1500.0, 216)": 0,
  "(1777.7777777777778, 2400.0, 216)": 1,
  "(3555.5555555555557, -300.0, 0)": 1,
  "(1777.7777777777778, 2100.0, 324)": 1,
  "(2666.6666666666665, 600.0, 252)": 1,
  "(4000.0, 0.0, 252)": 1,
  "(3111.1111111111113, 2400.0, 288)": 1,
  "(0.0, -1800.0, 108)": 0,
  "(1333.3333333333333, -900.0, 72)": 1,
  "(444.44444444444446, -2400.0, 72)": 1,
  "(1333.3333333333333, -300.0, 108)": 0,
  "(2666.6666666666665, -3000.0, 144)": 0,
  "(0.0, 1500.0, 216)": 0,
  "(3111.1111111111113, -1500.0, 36)": 1,
  "(1333.3333333333333, -300.0, 0)": 1,
  "(3111.1111111111113, 0.0, 144)": 0,
  "(0.0, -1800.0, 144)": 0
}