{
  "(0.0, 1200.0, 324)": 1,
  "(0.0, -600.0, 36)": 1,
  "(888.8888888888889, 900.0, 288)": 1,
  "(1333.3333333333333, 2400.0, 252)": 1,
  "(2666.6666666666665, 1200.0, 252)": 1,
  "(2222.222222222222, -3000.0, 144)": 1,
  "(2222.222222222222, 1500.0, 324)": 1,
  "(3111.1111111111113, 1500.0, 324)": 1,
  "(3555.5555555555557, -3000.0, 72)": 1,
  "(1333.3333333333333, 0.0, 36)": 1,
  "(1777.7777777777778, -600.0, 72)": 1,
  "(3111.1111111111113, -300.0, 0)": 1,
  "(3111.1111111111113, -600.0, 108)": 1,
  "(888.8888888888889, 2400.0, 252)": 1,
  "(2666.6666666666665, -900.0, 108)": 1,
  "(4000.0, -900.0, 36)": 1,
  "(444.44444444444446, 2100.0, 324)": 1,
  "(2666.6666666666665, 1500.0, 324)": 1,
  "(3555.5555555555557, 1800.0, 288)": 1,
  "(444.44444444444446, 0.0, 180)": 1
}