{
    "CrashThreshold": 5000.0,
    "CruiseSpeed": 0.3499999940395355,
    "DecelThreshold": 6566.48681640625,
    "MergeSpaceFront": 0.009999999776482582,
    "RidingThreshold": 3000.0
}
