{
    "CrashThreshold": 5000.0,
    "CruiseSpeed": 0.3499999940395355,
    "DecelThreshold": 1000.48681640625,
    "MergeSpaceFront": 69.1767578125,
    "RidingThreshold": 3000.0
}
