{
  "(3555.5555555555557, -600.0, 36)": 1,
  "(3111.1111111111113, 600.0, 144)": 0,
  "(888.8888888888889, 0.0, 0)": 1,
  "(1777.7777777777778, 2400.0, 252)": 0,
  "(3111.1111111111113, -600.0, 108)": 0,
  "(4000.0, 1200.0, 288)": 1,
  "(4000.0, -3000.0, 108)": 0,
  "(0.0, -1800.0, 108)": 0,
  "(1777.7777777777778, -1800.0, 36)": 1,
  "(888.8888888888889, 300.0, 288)": 0,
  "(3111.1111111111113, 2700.0, 252)": 0,
  "(0.0, -2400.0, 36)": 0,
  "(888.8888888888889, -300.0, 108)": 0,
  "(4000.0, -300.0, 36)": 1,
  "(2222.222222222222, -1800.0, 72)": 0,
  "(2222.222222222222, 900.0, 288)": 0,
  "(2222.222222222222, 900.0, 252)": 0,
  "(444.44444444444446, 0.0, 0)": 0,
  "(2222.222222222222, -2700.0, 144)": 0,
  "(444.44444444444446, 2400.0, 288)": 0
}