{
  "(2222.222222222222, -2100.0, 72)": 1,
  "(2222.222222222222, 900.0, 252)": 1,
  "(1333.3333333333333, 600.0, 288)": 1,
  "(0.0, -2100.0, 72)": 1,
  "(3555.5555555555557, 600.0, 144)": 0,
  "(0.0, -2100.0, 144)": 1,
  "(444.44444444444446, -300.0, 144)": 0,
  "(2666.6666666666665, 1200.0, 252)": 1,
  "(4000.0, -2100.0, 72)": 1,
  "(1333.3333333333333, -2700.0, 108)": 1,
  "(444.44444444444446, 1800.0, 324)": 1,
  "(1777.7777777777778, 1200.0, 288)": 1,
  "(444.44444444444446, 0.0, 324)": 1,
  "(3555.5555555555557, -2100.0, 72)": 1,
  "(1777.7777777777778, -300.0, 108)": 0,
  "(888.8888888888889, 1500.0, 288)": 0,
  "(1333.3333333333333, -2400.0, 72)": 1,
  "(888.8888888888889, -2100.0, 36)": 1,
  "(2222.222222222222, 2700.0, 288)": 1,
  "(444.44444444444446, -1200.0, 324)": 0
}