{
    "align": 18.90659523010254,
    "angle": 1.9196410179138184,
    "angular_vel": 50.0,
    "ball_velocity": 100.0,
    "catch_radius": 540.0,
    "catch_velocity": 1500.0,
    "distance": 146.0,
    "relative_vel": 400.0,
    "y_prime_vel": 200.0
}
