{
    "align": 23.530475616455078,
    "angle": 1.5,
    "angular_vel": 50.0,
    "ball_velocity": 470.91925048828125,
    "catch_radius": 540.0,
    "catch_velocity": 1500.0,
    "distance": 146.0,
    "relative_vel": 400.0,
    "y_prime_vel": 200.0
}
